book_id,title,author,genre
1001,"Da Vinci Code,The","Brown, Dan","  Crime, Thriller & Adventure"
1002,Harry Potter and the Deathly Hallows,"Rowling, J.K.",Children's Fiction
1003,Harry Potter and the Philosopher's Stone,"Rowling, J.K.",Children's Fiction
1004,Harry Potter and the Order of the Phoenix,"Rowling, J.K.",Children's Fiction
1005,Fifty Shades of Grey,"James, E. L.",Romance & Sagas
1006,Harry Potter and the Goblet of Fire,"Rowling, J.K.",Children's Fiction
1007,Harry Potter and the Chamber of Secrets,"Rowling, J.K.",Children's Fiction
1008,Harry Potter and the Prisoner of Azkaban,"Rowling, J.K.",Children's Fiction
1009,Angels and Demons,"Brown, Dan","  Crime, Thriller & Adventure"
1010,Harry Potter and the Half-blood Prince:Children's Edition,"Rowling, J.K.",Children's Fiction
1011,Fifty Shades Darker,"James, E. L.",Romance & Sagas
1012,Twilight,"Meyer, Stephenie",Young Adult Fiction
1013,"Girl with the Dragon Tattoo,The:Millennium Trilogy","Larsson, Stieg","  Crime, Thriller & Adventure"
1014,Fifty Shades Freed,"James, E. L.",Romance & Sagas
1015,"Lost Symbol,The","Brown, Dan","  Crime, Thriller & Adventure"
1016,New Moon,"Meyer, Stephenie",Young Adult Fiction
1017,Deception Point,"Brown, Dan","  Crime, Thriller & Adventure"
1018,Eclipse,"Meyer, Stephenie",Young Adult Fiction
1019,"Lovely Bones,The","Sebold, Alice",General & Literary Fiction
1020,"Curious Incident of the Dog in the Night-time,The","Haddon, Mark",General & Literary Fiction
1021,Digital Fortress,"Brown, Dan","  Crime, Thriller & Adventure"
1022,"Short History of Nearly Everything,A","Bryson, Bill",Popular Science
1023,"Girl Who Played with Fire,The:Millennium Trilogy","Larsson, Stieg","  Crime, Thriller & Adventure"
1024,Breaking Dawn,"Meyer, Stephenie",Young Adult Fiction
1025,"Very Hungry Caterpillar,The:The Very Hungry Caterpillar","Carle, Eric",Picture Books
1026,"Gruffalo,The","Donaldson, Julia",Picture Books
1027,Jamie's 30-Minute Meals,"Oliver, Jamie",Food & Drink: General
1028,"Kite Runner,The","Hosseini, Khaled",General & Literary Fiction
1029,One Day,"Nicholls, David",General & Literary Fiction
1030,"Thousand Splendid Suns,A","Hosseini, Khaled",General & Literary Fiction
1031,"Girl Who Kicked the Hornets' Nest,The:Millennium Trilogy","Larsson, Stieg","Crime, Thriller & Adventure"
1032,"Time Traveler's Wife,The","Niffenegger, Audrey",General & Literary Fiction
1033,Atonement,"McEwan, Ian",General & Literary Fiction
1034,Bridget Jones's Diary:A Novel,"Fielding, Helen",General & Literary Fiction
1035,"World According to Clarkson,The","Clarkson, Jeremy",Humour: Collections & General
1036,Captain Corelli's Mandolin,"Bernieres, Louis de",General & Literary Fiction
1037,"Sound of Laughter,The","Kay, Peter",Autobiography: General
1038,Life of Pi,"Martel, Yann",General & Literary Fiction
1039,Billy Connolly,"Stephenson, Pamela",Biography: The Arts
1040,"Child Called It,A","Pelzer, Dave",Autobiography: General
1041,"Gruffalo's Child,The","Donaldson, Julia",Picture Books
1042,Angela's Ashes:A Memoir of a Childhood,"McCourt, Frank",Autobiography: General
1043,Birdsong,"Faulks, Sebastian",General & Literary Fiction
1044,Northern Lights:His Dark Materials S.,"Pullman, Philip",Young Adult Fiction
1045,Labyrinth,"Mosse, Kate",General & Literary Fiction
1046,Harry Potter and the Half-blood Prince,"Rowling, J.K.", Science Fiction & Fantasy
1047,"Help,The","Stockett, Kathryn",General & Literary Fiction
1048,Man and Boy,"Parsons, Tony",General & Literary Fiction
1049,Memoirs of a Geisha,"Golden, Arthur",General & Literary Fiction
1050,"No.1 Ladies' Detective Agency,The:No.1 Ladies' Detective Agency S.","McCall Smith, Alexander","  Crime, Thriller & Adventure"
1051,"Island,The","Hislop, Victoria",General & Literary Fiction
1052,"PS, I Love You","Ahern, Cecelia",General & Literary Fiction
1053,You are What You Eat:The Plan That Will Change Your Life,"McKeith, Gillian",Fitness & Diet
1054,"Shadow of the Wind,The","Zafon, Carlos Ruiz",General & Literary Fiction
1055,"Tales of Beedle the Bard,The","Rowling, J.K.",Children's Fiction
1056,"Broker,The","Grisham, John","  Crime, Thriller & Adventure"
1057,"Dr. Atkins' New Diet Revolution:The No-hunger, Luxurious Weight Loss P","Atkins, Robert C.",Fitness & Diet
1058,"Subtle Knife,The:His Dark Materials S.","Pullman, Philip",Young Adult Fiction
1059,"Eats, Shoots and Leaves:The Zero Tolerance Approach to Punctuation","Truss, Lynne", Usage & Writing Guides
1060,Delia's How to Cook:(Bk.1),"Smith, Delia",Food & Drink: General
1061,Chocolat,"Harris, Joanne",General & Literary Fiction
1062,"Boy in the Striped Pyjamas,The","Boyne, John",Young Adult Fiction
1063,My Sister's Keeper,"Picoult, Jodi",General & Literary Fiction
1064,"Amber Spyglass,The:His Dark Materials S.","Pullman, Philip",Young Adult Fiction
1065,To Kill a Mockingbird,"Lee, Harper",General & Literary Fiction
1066,"Men are from Mars, Women are from Venus:A Practical Guide for Improvin","Gray, John",Popular Culture & Media: General Interest
1067,Dear Fatty,"French, Dawn", Autobiography:  The Arts
1068,"Short History of Tractors in Ukrainian,A","Lewycka, Marina",General & Literary Fiction
1069,Hannibal,"Harris, Thomas","  Crime, Thriller & Adventure"
1070,"Lord of the Rings,The","Tolkien, J. R. R.", Science Fiction & Fantasy
1071,Stupid White Men:...and Other Sorry Excuses for the State of the Natio,"Moore, Michael",Current Affairs & Issues
1072,"Interpretation of Murder,The","Rubenfeld, Jed","  Crime, Thriller & Adventure"
1073,Sharon Osbourne Extreme:My Autobiography,"Osbourne, Sharon", Autobiography:  The Arts
1074,"Alchemist,The:A Fable About Following Your Dream","Coelho, Paulo",General & Literary Fiction
1075,At My Mother's Knee ...:and Other Low Joints,"O'Grady, Paul", Autobiography:  The Arts
1076,Notes from a Small Island,"Bryson, Bill", Travel Writing
1077,"Return of the Naked Chef,The","Oliver, Jamie",Food & Drink: General
1078,Bridget Jones: The Edge of Reason,"Fielding, Helen",General & Literary Fiction
1079,Jamie's Italy,"Oliver, Jamie",National & Regional Cuisine
1080,I Can Make You Thin,"McKenna, Paul",Fitness & Diet
1081,Down Under,"Bryson, Bill", Travel Writing
1082,"Summons,The","Grisham, John","  Crime, Thriller & Adventure"
1083,Small Island,"Levy, Andrea",General & Literary Fiction
1084,Nigella Express,"Lawson, Nigella",Food & Drink: General
1085,Brick Lane,"Ali, Monica",General & Literary Fiction
1086,"Memory Keeper's Daughter,The","Edwards, Kim",General & Literary Fiction
1087,Room on the Broom,"Donaldson, Julia",Picture Books
1088,About a Boy,"Hornby, Nick",General & Literary Fiction
1089,My Booky Wook,"Brand, Russell", Autobiography:  The Arts
1090,"God Delusion,The","Dawkins, Richard",Popular Science
1091,"""Beano"" Annual,The",0, Children's Annuals
1092,White Teeth,"Smith, Zadie",General & Literary Fiction
1093,"House at Riverton,The","Morton, Kate",General & Literary Fiction
1094,"Book Thief,The","Zusak, Markus",General & Literary Fiction
1095,Nights of Rain and Stars,"Binchy, Maeve",General & Literary Fiction
1096,"Ghost,The","Harris, Robert",General & Literary Fiction
1097,Happy Days with the Naked Chef,"Oliver, Jamie",Food & Drink: General
1098,"Hunger Games,The:Hunger Games Trilogy","Collins, Suzanne",Young Adult Fiction
1099,"Lost Boy,The:A Foster Child's Search for the Love of a Family","Pelzer, Dave",Biography: General
1100,Jamie's Ministry of Food:Anyone Can Learn to Cook in 24 Hours,"Oliver, Jamie",Food & Drink: General
